item_title,item_price,seller_name,item_ID,ur_name,ur_offer
سيمفوني، جهاز معادل الصوت مرئي 5 خطوط مع منفذ يو اس بي و جهاز تحكم عن بعد SY-EQ660USB,470.00,SouqEgypt,2724443461577,none,<GET https://egypt.souq.com/eg-ar/%D8%B3%D9%8A%D9%85%D9%81%D9%88%D9%86%D9%8A-%D8%AC%D9%87%D8%A7%D8%B2-%D9%85%D8%B9%D8%A7%D8%AF%D9%84-%D8%A7%D9%84%D8%B5%D9%88%D8%AA-%D9%85%D8%B1%D8%A6%D9%8A-5-%D8%AE%D8%B7%D9%88%D8%B7-%D9%85%D8%B9-%D9%85%D9%86%D9%81%D8%B0-%D9%8A%D9%88-%D8%A7%D8%B3-%D8%A8%D9%8A-%D9%88-%D8%AC%D9%87%D8%A7%D8%B2-%D8%AA%D8%AD%D9%83%D9%85-%D8%B9%D9%86-%D8%A8%D8%B9%D8%AF-sy-eq660usb-22134836/io/>
لمبة ديسكو للحفلات  LED Disco Lights,75.00,GoharyOnlin,2724274167068,none,<GET https://egypt.souq.com/eg-ar/%D9%84%D9%85%D8%A8%D8%A9-%D8%AF%D9%8A%D8%B3%D9%83%D9%88-%D9%84%D9%84%D8%AD%D9%81%D9%84%D8%A7%D8%AA-led-disco-lights-5192114/io/>
شاشة حماية زجاجية كاملة لهاتف هواوي واي 7 2019 ‫(Y7 2019) - إطار اسود,35.00,SouqEgypt,2724720203586,none,<GET https://egypt.souq.com/eg-ar/%D8%B4%D8%A7%D8%B4%D8%A9-%D8%AD%D9%85%D8%A7%D9%8A%D8%A9-%D8%B2%D8%AC%D8%A7%D8%AC%D9%8A%D8%A9-%D9%83%D8%A7%D9%85%D9%84%D8%A9-%D9%84%D9%87%D8%A7%D8%AA%D9%81-%D9%87%D9%88%D8%A7%D9%88%D9%8A-%D9%88%D8%A7%D9%8A-7-2019-y7-2019-%D8%A5%D8%B7%D8%A7%D8%B1-%D8%A7%D8%B3%D9%88%D8%AF-43766707/io/>
قهوة عربية من نجار، 250 جم,85.00,Tawzeea,2724631889503,none,<GET https://egypt.souq.com/eg-ar/%D9%82%D9%87%D9%88%D8%A9-%D8%B9%D8%B1%D8%A8%D9%8A%D8%A9-%D9%85%D9%86-%D9%86%D8%AC%D8%A7%D8%B1-250-%D8%AC%D9%85-35889703/io/>
item_title,item_price,seller_name,item_ID,ur_name
بلوزة رياضة من سليك ان ليفت مقاس XL,,Hyper.Shop,2724278379504,
زي تنكري الشخصيات  -  للجنسين,,SuperSpecialDeals,2724336894789,
كاوية لحام قصدير انكو 40 واط سن مستقيم مع حامل للكاوية,,KMStore,2724672522674,
"1pcs Knee Brace Support Protector, Silica Gel Anti-Collision Anti-Slip, Elastic Breathable Compression Knee Sleeve for Sports Arthritis Relief Rnning Basketball Jogging Walking ‫(Men & Women) ‫(Gray)",142.00,BekamGomla,2724638021685,
شراب سيلكون لحماية القدم للسيدات,,Hyper.Shop,2725159870783,
كرسي مساعدة الطفل ركوب المرحاض مزود بسلم,244.00,المسقبل,2724298144281,
كرسي مساعدة الطفل ركوب المرحاض مزود بمسند للقدمين واليدين من هوم ستيشن ,243.00,المسقبل,2724466276882,
مساحة مع بخاخ صحي وممسحة تنظيف من قماش ميكروفايبر، اخضر,133.95,Ncollection,2724448188080,
حقيبة يد رجالي متعددة الاستخدامات للموبايل والفلوس والمفاتيح,,shoplife,2724713274791,
شراب سيلكون لحمايه القدم,,Ncollection,2724755098225,
ساعة عملية كاجوال نساء انالوج بعقارب معدن - 99,,waslaastore,2724711444745,
ساعة كورين 8208 بسوار جلدي مينا انالوج بعقارب للرجال هيكل سبائك - رمادي,,future2,2724406145148,
كورين ساعة عملية كاجوال رجال انالوج بعقارب جلد - 8254,,future2,2724464665800,
ساعة رسمية نساء انالوج بعقارب خليط معدني - 5005,,waslaastore,2724823213536,
ساعة عملية كاجوال رجال انالوج بعقارب جلد بني,,The.show,2724666182143,
ساعه يد حريمى استيك مغناطيس - اللون موف,,waslaastore,2724960296010,
ساعة رسمية نساء انالوج بعقارب ستانلس ستيل مطلي - 6S3B,,waslaastore,2724730600894,
ساعة عملية كاجوال نساء انالوج بعقارب ستانلس ستيل - 576795380185-RD,,waslaastore,2724707992694,
ساعة كاجوال للنساء بسوار معدن بقفل مغناطيسي وعدسة بومبية,,waslaastore,2724711225764,
طقم تانك توب تخسيس قطعتين للرجال من سليم آند ليفت - ابيض,,Hyper.Shop,2724452155627,
لعبة الصيد  للجنسين من ران فينج، 5 لاعبين,122.00,gabrial78,2724322869685,
سليم أند ليفت تي- شيرت تخسيس للرجال ‫(أسود- Xl),,Hyper.Shop,2724275965403,
حامل المنظفات المطور,62.00,Powerte,2724457209684,
جزامة من بينديا  10 رفوف منظمةة للأحذية - بني,229.00,DOD-EGY,2724340031934,
حامل المنظفات المطور,76.00,Action.Theory,2724284270475,
وصل منظم المكانس السعودي 5 فتحات,85.90,Hyper.Shop,2724265503226,
حامل حائط متعدد الاستخدامات - فضي,86.79,Hyper.Shop,2724280044421,
كيوريو كيرين جلد اسود للرجال - محافظ بسحاب,,shoplife,2724462655186,
نظارة الطيار الشمسية للأطفال,,future2,2724611529085,
نظاره قراءه للجنسين قابله للطى مقاس 1.5,,future2,2724788128302,
نظارة شمسية بولاريزد أنيقة للخروج للرجال UV400,,future2,2724337789909,
نظارة شمسية شبه مربعة للنساء والبنات,,future2,2724674712769,
نظارات شمسية بتصميم عتيق للرجال والنساء باطار معدني نظارات براند ديزاينر تلائم كلا الجنسين,,future2,2724341992098,
المنيوم فضي  للجنسين - محفظة بطاقات الائتمان,,dr.loky,2724681209337,
زوليداشو جلد صناعي بني للجنسين - محافظ فلاب,,shoplife,2724952581193,
امبيريال هورس جلد اسود للللجنسين - محافظ ذكية,,shoplife,2724470692210,
امبيريال هورس جلد بني للجنسين - محافظ ذكية,,shoplife,2724467514808,
مجموعة نظارتين اتش دي للنهار والليل من جينريك,,Diamond.for.Shopping,2724445822895,
رجال الأعمال على غرار محفظة طويلة عارضة سستة مزدوجة حقيبة يد حقيبة المال سعة كبيرة محفظة ثلاثية,,shoplife,2725077559449,
زينج شينج جلد بني فاتح للرجال - محافظ بسحاب,,shoplife,2724819063794,
لينوبولو جلد صناعي بني للللجنسين - محافظ بسحاب,,shoplife,2724970604010,
زوليدايشو جلد صناعي بني للللجنسين - محافظ بسحاب,,shoplife,2724952532751,
محفظه هورس امبيريال ذو جوده عاليه للرجال من الجلد هافانا,,shoplife,2724466034604,
موضة متعدد الوظائف جلد فقرة طويلة محفظة حقيبة يد حقيبة القابض للرجال QB49B براون,,future2,2724442844524,
زوليداشو جلد صناعي هافان للللجنسين - محافظ بسحاب,,shoplife,2724810493521,
امبيريال هورس جلد اسود للجنسين - محافظ ذكية,,shoplife,2724467514372,
Aluminum Card Holders,,dr.loky,2724466608935,
محفظة جلد هافان صناعي للجنسين - محافظ بسحاب,,shoplife,2724821507620,
اتريكس المنيوم اسود للجنسين - محفظة للبطاقات والهويات,,Goodbuysm,2724464208519,
امبيريال هورس جلد بني فاتح للللجنسين - محافظ ذكية,,Elnaahas,2724470693620,
جولد ادج معدن اسود للللجنسين - محفظة للبطاقات والهويات,,Elnaahas,2724541850891,
محفظة جلد  لدفتر الشيكات وبطاقة الائتمان حامل رسالة محفظة طويلة بسوستة  محفظة   و المحمول,,Elnaahas,2724674202925,
جولد ادج معدن اسود للللجنسين - محفظة للبطاقات والهويات,,Elnaahas,2724541851232,
Imperial Horse Black Leather Mens Wallet,,shoplife,2724470220048,
لينو بولو جلد اسود للللجنسين - محفظة للهاتف للبطاقات والهويات,,shoplife,2724811411210,
لينو بولو جلد بني للللجنسين - محفظة للبطاقات والهويات,,shoplife,2724790264838,
بايليري جلد بني للرجال - محافظ بسحاب,,shoplife,2724499879517,
محفظه هورس امبيريال ذو جوده عاليه للرجال من الجلد لون هافانا,,shoplife,2724466034352,
محفظة كاجوال من بايليري لون بني,,shoplife,2724328151210,
محفظة بايلري للرجال متعددة بطاقات طويلة محفظة,,shoplife,2724710807688,
هورس جلد اسود للرجال - محافظ بثلاث طبقات,,shoplife,2724341091104,
متعددة الوظائف محفظة طويلة بطاقة الائتمان الجلود سستة محفظة للرجال,,shoplife,2724443500115,
محفظة جلد لحفظ البطاقات و الهويات و النقود بسحاب,,shoplife,2724820840704,
بايليري جلد اسود للرجال - محافظ ذكية,,shoplife,2724607496407,
حافظة بطاقات من الألمنيوم - فضي,,MMB7,2724443523626,
محفظه هورس امبيريال الأصليه ذو جوده عاليه للرجال من الجلد لون بنى,,shoplife,2724465243908,
Brallerry رجال العلامة التجارية جلد طبيعي المحفظة طويلة ق اليد StrapMulti وظيفة الصلبة زوايا معدن لون تصميم المحفظة الفاصل حقيبة,,shoplife,2724443487522,
محفظة بطبقتين مميزة من بايليري لون بني,,shoplife,2724462852158,
امبيريال هورس جلد صناعي اسود للرجال - محافظ بطبقتين,,shoplife,2724458056874,
محفظة كاجوال للرجال بسحاب سعة كبيرة - بني,,MD.Gym,2724626187492,
امبيريال هورس جلد بني غامق للجنسين - محافظ ذكية,,shoplife,2724470690018,
محفظه هورس امبيريال ذو جوده عاليه للرجال من الجلد لون هافان,,shoplife,2724465243762,
حافظة الكروت,,MMB7,2724464208526,
محفظة كاجوال من بايليري لون اسود,,shoplife,2724323130302,
محفظة بطبقتين من بايليري لون اسود,,shoplife,2724318825572,
محفظة رجالية طويلة من الجلد المركب - متعددة الاستخدامات - اللون بني,,shoplife,2724343043798,
محفظة جلد رجالية متعدده الاستخدامات اللون بني,,shoplife,2724315232106,
محفظة بطبقتين من بايليري لون بني,,shoplife,2724318828399,
أوروبا وأمريكا الرجال متعددة الوظائف جلد فقرة طويلة حقيبة محفظة اليد مخلب,,shoplife,2724442844357,
ايتوبيكريس المنيوم اسود معدني للجنسين - محفظة للبطاقات والهويات,,Goodbuysm,2724458510741,
مقعد اطفال للتدريب على استخدام المرحاض,240.00,المسقبل,2724327311400,
قاعدة تواليت بالسلم لسهولة تعليم الأطفال ,255.00,المسقبل,2724301821406,
نونية الاطفال لوز 5356 - متعدد الالوان,242.00,المسقبل,2724319347691,
صياد السمك ازرار ذكيه للمسابقات,119.00,pharco,2724468216053,
أنيمي قناع لا كاسا دي بابيل بطاقة البيت دالي قناع الدعائم هالوين الحزب تأثيري تظهر,69.00,دكان.عموحسنى,2724837270358,
لعبة صيد السمك 45 سمكة مع 5 صنارات,122.00,pharco,2724530504804,
أنيمي قناع لا كاسا دي بابيل بطاقة البيت دالي قناع لمشاهدة تأثيري حزب هالوين الدعائم,59.00,SuperSpecialDeals,2724649965312,
قناع فانديتا,30.00,Yosrstore,2724269297145,
سلم أن لفت - قميص الشد و التخسيس و التنحيف للرجال - مقاس L,85.50,MMB7,2724287769389,
سلم أن لفت - قميص الشد و التخسيس و التنحيف للرجال - مقاس XL,73.60,soli.almasry,2724286664258,
قبعة البيسبول والسناباك -للجنسين,,WhyNotStores,2724647989167,
قبعة البيسبول والسناباك -للجنسين,,EG-HAWK,2724630444277,
Salvador Dali  La Casa De Papel Mascara Money Heist Face Mask PVC Mask Cosplay Realistic Movie Prop Face Mask,120.00,future2,2724676042208,
صدرية للنساء لون اسود قياس واحد,,Tabouk-RX,2724324374774,
La casa de papel card house Dali mask Cosplay surrounding props,120.00,future2,2724678511283,
